"Id_recupcontra","Id_sesion","Fecha_Hora_Envio","Nueva_contrase√±a","Email_envio","Id_estado_codigo"
"1","270","2023-05-10 12:33:30","pablo110","marco52@test.com","Expirado"
"2","236","2024-01-17 01:01:08","monica791","raul985@test.com","Generado"
"3","177","2023-10-30 04:42:06","isabel612","sara175@domain.com","Revocado"
"4","550","2024-08-24 01:07:11","fernando848","fernando682@domain.com","Reintento"
"5","206","2024-08-18 18:36:32","laura909","maria382@domain.com","Revocado"
"6","289","2024-12-21 11:41:57","luz540","marco109@example.com","Expirado"
"7","55","2024-02-11 08:09:01","fernando305","roberto54@mail.com","Revocado"
"8","662","2023-03-16 15:58:46","marco229","pedro108@domain.com","Fallido"
"9","265","2023-10-23 16:16:52","elena739","julia864@mail.com","Cancelado"
"10","264","2023-01-22 09:26:39","laura611","marco7@domain.com","Generado"
"11","656","2024-10-15 19:55:40","luis813","raul868@test.com","Deshabilitado"
"12","519","2024-11-25 18:22:27","marco159","carlos797@domain.com","Pendiente"
"13","176","2024-09-25 10:46:07","pedro588","fernando998@mail.com","Revocado"
"14","58","2023-05-22 18:29:19","elena691","carlos945@mail.com","Revocado"
"15","908","2023-10-04 20:47:53","luz443","sara508@company.org","Revocado"
"16","340","2024-06-26 20:49:27","sara148","sara299@company.org","Cancelado"
"17","382","2023-02-17 05:22:00","maria541","monica10@test.com","Cancelado"
"18","599","2023-09-27 10:59:02","monica652","laura329@example.com","Deshabilitado"
"19","780","2024-06-29 00:03:44","marco488","luis686@company.org","Revocado"
"20","407","2024-08-04 02:30:00","pedro968","isabel229@domain.com","Generado"
"21","190","2024-07-01 19:00:27","pedro663","pedro179@example.com","Validado"
"22","588","2024-04-28 13:30:57","diego876","luis131@example.com","Reintento"
"23","757","2024-01-23 09:25:41","marco702","diego743@mail.com","Utilizado"
"24","524","2024-06-20 11:09:39","diego759","maria695@example.com","Cancelado"
"25","176","2024-01-24 11:08:31","fernando883","pedro522@example.com","Revocado"
"26","315","2023-04-01 16:18:14","diego772","luis560@test.com","Reintento"
"27","569","2024-03-24 13:35:13","roberto310","julia740@company.org","Cancelado"
"28","270","2023-11-18 15:33:52","monica766","pedro847@domain.com","Expirado"
"29","221","2023-09-15 20:12:51","pablo604","pablo750@example.com","Validado"
"30","32","2024-10-01 12:15:35","marco484","raul569@domain.com","Cancelado"
"31","9","2023-12-04 22:15:08","elena955","marco231@company.org","Validado"
"32","290","2023-11-24 02:32:37","pablo421","pablo981@example.com","Reintento"
"33","182","2024-08-29 20:07:41","luz731","raul458@domain.com","Reintento"
"34","893","2023-08-19 15:33:21","luz870","sara727@test.com","Reintento"
"35","195","2024-05-15 20:32:33","elena699","roberto798@mail.com","Expirado"
"36","391","2023-10-30 12:48:43","diego485","pablo243@example.com","Revocado"
"37","771","2023-11-05 21:38:13","marco343","marco350@domain.com","Pendiente"
"38","433","2023-01-27 07:28:46","carlos267","fernando988@domain.com","Expirado"
"39","265","2023-04-13 16:56:11","luz662","luz248@test.com","Reintento"
"40","661","2023-01-31 06:58:57","laura428","patricia538@test.com","Expirado"
"41","470","2023-12-29 06:43:33","maria858","ana486@mail.com","Revocado"
"42","478","2023-02-17 14:30:28","julia165","elena985@test.com","Validado"
"43","541","2023-10-03 00:50:05","luz773","julia362@test.com","Validado"
"44","446","2024-08-03 08:14:37","maria953","marco213@domain.com","Utilizado"
"45","686","2023-03-14 02:33:09","luz479","sara238@test.com","Validado"
"46","936","2024-05-09 08:30:14","monica150","isabel29@company.org","Pendiente"
"47","397","2023-12-24 10:02:33","luz904","luz678@company.org","Generado"
"48","744","2023-05-25 04:00:43","marco638","juan536@company.org","Revocado"
"49","210","2023-06-20 20:19:23","elena313","raul935@domain.com","Reintento"
"50","67","2024-11-24 12:19:06","julia601","sara178@test.com","Deshabilitado"
"51","926","2024-05-31 23:35:18","laura124","pablo87@company.org","Deshabilitado"
"52","257","2024-05-16 12:20:40","patricia362","monica122@mail.com","Validado"
"53","109","2024-07-24 03:53:51","ana304","ana863@test.com","Generado"
"54","532","2024-07-24 16:11:03","diego677","carlos452@example.com","Revocado"
"55","954","2023-02-09 22:51:07","isabel450","patricia325@example.com","Fallido"
"56","398","2023-11-24 22:18:58","luis755","marco768@example.com","Expirado"
"57","202","2023-04-04 01:24:23","raul758","raul921@mail.com","Deshabilitado"
"58","81","2023-05-21 02:13:51","sara336","fernando699@company.org","Deshabilitado"
"59","956","2023-11-16 00:44:26","maria159","luz733@test.com","Utilizado"
"60","20","2024-11-29 15:19:08","luz495","isabel131@example.com","Fallido"
"61","447","2023-05-20 00:12:41","maria747","patricia828@mail.com","Fallido"
"62","315","2023-01-05 09:35:43","juan187","luz376@domain.com","Expirado"
"63","571","2023-09-23 00:45:24","ana328","fernando340@example.com","Validado"
"64","800","2024-12-05 14:36:40","fernando142","carlos747@test.com","Pendiente"
"65","843","2023-10-12 02:19:53","fernando150","carlos563@domain.com","Pendiente"
"66","208","2023-12-27 21:02:48","luz922","ana707@company.org","Expirado"
"67","778","2024-05-29 15:33:10","roberto690","isabel794@domain.com","Validado"
"68","270","2024-10-13 08:22:36","julia161","pedro793@mail.com","Generado"
"69","898","2024-09-24 19:45:58","raul521","sara449@mail.com","Validado"
"70","948","2023-05-22 01:32:38","julia794","carlos416@test.com","Validado"
"71","74","2023-09-15 04:29:02","fernando605","monica216@company.org","Generado"
"72","365","2024-09-17 07:45:56","patricia719","maria919@example.com","Validado"
"73","937","2023-03-24 08:30:18","julia561","elena35@example.com","Revocado"
"74","780","2024-09-30 21:44:57","patricia472","diego763@company.org","Utilizado"
"75","38","2023-01-05 04:29:38","maria375","luz531@test.com","Generado"
"76","918","2023-03-08 15:28:48","marco646","pedro501@mail.com","Generado"
"77","569","2024-03-18 06:11:21","ana555","ana615@company.org","Utilizado"
"78","784","2023-08-25 02:01:58","laura221","monica925@domain.com","Revocado"
"79","480","2023-02-27 01:34:52","elena295","sara664@company.org","Cancelado"
"80","841","2023-04-19 23:59:37","sara544","sara407@company.org","Validado"
"81","262","2023-02-22 22:43:11","monica744","monica444@company.org","Expirado"
"82","820","2023-02-26 00:43:17","maria535","sara940@company.org","Generado"
"83","567","2023-09-23 08:22:49","pablo253","raul819@example.com","Cancelado"
"84","339","2024-02-14 05:02:05","carlos487","carlos938@mail.com","Utilizado"
"85","957","2023-11-23 12:01:58","pablo190","pedro922@company.org","Reintento"
"86","983","2024-07-29 08:12:49","maria437","julia872@test.com","Deshabilitado"
"87","765","2023-07-13 00:15:32","julia838","roberto720@test.com","Utilizado"
"88","635","2023-09-17 21:36:56","monica296","patricia855@test.com","Validado"
"89","798","2023-06-12 00:12:51","maria440","pablo767@mail.com","Expirado"
"90","956","2024-03-29 06:01:12","patricia974","laura44@domain.com","Revocado"
"91","854","2024-10-11 17:20:24","juan674","luis479@example.com","Utilizado"
"92","515","2023-01-23 20:09:03","monica214","ana724@test.com","Revocado"
"93","678","2024-12-16 15:11:07","raul522","carlos368@domain.com","Expirado"
"94","33","2023-07-19 05:37:04","pablo777","juan944@test.com","Utilizado"
"95","878","2023-04-02 08:27:37","patricia343","luis741@mail.com","Revocado"
"96","608","2023-08-02 17:02:13","marco437","ana876@company.org","Cancelado"
"97","778","2023-03-07 09:22:33","carlos767","isabel638@mail.com","Utilizado"
"98","523","2024-02-13 18:01:24","sara931","luz1@company.org","Expirado"
"99","904","2024-05-09 10:15:31","pablo446","luz265@example.com","Cancelado"
"100","748","2023-09-28 05:31:45","julia958","maria348@mail.com","Cancelado"
"101","960","2024-11-24 03:15:32","fernando396","elena737@test.com","Generado"
"102","934","2024-01-26 10:56:57","juan358","sara371@company.org","Cancelado"
"103","585","2023-11-09 10:22:53","carlos336","marco983@mail.com","Generado"
"104","633","2024-05-30 20:06:23","marco848","diego786@company.org","Deshabilitado"
"105","709","2023-07-05 15:57:30","patricia101","luz494@domain.com","Revocado"
"106","384","2023-03-31 23:08:03","julia666","monica535@test.com","Generado"
"107","487","2024-11-10 05:47:19","patricia286","pedro704@company.org","Expirado"
"108","699","2024-09-11 08:01:24","maria695","laura369@mail.com","Expirado"
"109","852","2023-05-30 15:40:24","luis700","pablo778@domain.com","Generado"
"110","778","2024-05-19 00:46:22","marco267","elena731@domain.com","Pendiente"
"111","252","2023-09-22 21:33:07","isabel942","marco575@domain.com","Generado"
"112","443","2023-12-16 09:23:50","raul837","raul875@example.com","Fallido"
"113","894","2024-05-23 02:54:12","pedro560","elena534@company.org","Expirado"
"114","214","2023-10-16 06:55:56","maria664","pablo569@mail.com","Fallido"
"115","653","2024-08-02 17:09:45","marco332","raul913@domain.com","Deshabilitado"
"116","48","2023-06-12 09:37:22","juan375","ana438@domain.com","Generado"
"117","812","2023-10-23 22:16:32","laura507","luis926@company.org","Utilizado"
"118","845","2023-06-06 16:56:50","juan103","isabel482@domain.com","Deshabilitado"
"119","985","2023-09-24 02:32:53","juan318","laura621@company.org","Cancelado"
"120","820","2024-01-20 05:49:48","elena800","laura376@example.com","Reintento"
"121","452","2024-11-26 12:11:19","luz781","diego943@test.com","Revocado"
"122","761","2024-07-29 06:29:40","laura843","monica835@company.org","Cancelado"
"123","773","2023-10-31 20:41:10","ana683","fernando83@test.com","Pendiente"
"124","940","2023-11-05 08:34:12","pedro713","fernando423@company.org","Pendiente"
"125","241","2023-05-16 04:58:00","roberto612","elena518@domain.com","Validado"
"126","763","2024-09-29 02:09:21","maria278","roberto289@test.com","Fallido"
"127","130","2024-02-18 16:24:16","roberto213","maria703@test.com","Expirado"
"128","386","2024-12-17 22:19:36","pedro337","monica677@mail.com","Pendiente"
"129","750","2024-03-10 02:56:25","elena315","sara818@test.com","Pendiente"
"130","705","2023-06-19 11:41:49","roberto747","maria985@test.com","Cancelado"
"131","838","2024-02-08 05:27:47","monica106","marco596@example.com","Cancelado"
"132","930","2023-04-14 04:51:51","fernando681","pablo547@company.org","Cancelado"
"133","893","2024-03-06 04:28:33","maria631","marco432@test.com","Revocado"
"134","455","2023-11-07 21:34:47","isabel752","maria573@domain.com","Generado"
"135","444","2023-09-04 04:29:12","roberto891","raul717@example.com","Expirado"
"136","418","2023-03-22 18:06:07","carlos656","isabel948@example.com","Expirado"
"137","744","2023-03-28 01:22:10","ana466","elena942@mail.com","Reintento"
"138","307","2023-11-24 19:49:54","luz470","laura130@domain.com","Reintento"
"139","291","2023-07-16 04:36:07","isabel520","diego154@example.com","Revocado"
"140","172","2024-08-30 12:58:29","ana773","elena168@example.com","Pendiente"
"141","650","2024-02-19 04:28:42","marco574","laura249@mail.com","Expirado"
"142","847","2024-05-31 15:09:07","carlos375","pablo970@domain.com","Revocado"
"143","9","2023-09-09 05:50:13","juan737","monica338@domain.com","Expirado"
"144","721","2024-01-04 22:05:09","laura761","julia573@domain.com","Utilizado"
"145","252","2023-03-27 20:52:23","monica125","laura911@test.com","Revocado"
"146","282","2024-05-07 02:05:53","maria451","julia970@test.com","Revocado"
"147","920","2023-04-29 22:05:59","pedro945","juan116@test.com","Pendiente"
"148","512","2024-10-30 03:55:56","marco384","julia756@domain.com","Generado"
"149","256","2023-02-22 20:06:06","roberto913","luz801@mail.com","Utilizado"
"150","919","2023-03-23 20:22:51","juan255","patricia498@test.com","Pendiente"
"151","608","2024-10-15 07:44:13","ana944","elena706@domain.com","Validado"
"152","216","2024-04-27 22:35:16","isabel483","patricia512@test.com","Validado"
"153","103","2024-01-24 08:15:45","ana509","patricia564@company.org","Cancelado"
"154","669","2023-01-08 23:10:12","luz761","luis254@test.com","Utilizado"
"155","5","2023-01-14 22:24:14","fernando710","juan745@domain.com","Expirado"
"156","469","2023-01-16 08:53:11","fernando729","maria350@example.com","Revocado"
"157","448","2024-05-30 04:46:06","pablo511","carlos280@example.com","Cancelado"
"158","370","2024-07-19 23:23:33","luz919","roberto396@example.com","Validado"
"159","183","2023-12-20 05:55:37","maria359","juan467@company.org","Validado"
"160","526","2023-04-26 18:06:43","fernando617","diego105@company.org","Reintento"
"161","598","2023-04-28 00:32:11","pedro829","maria926@example.com","Validado"
"162","712","2024-04-28 10:59:40","elena360","roberto734@example.com","Cancelado"
"163","370","2024-10-19 11:21:24","pedro639","luis826@mail.com","Fallido"
"164","69","2024-04-19 00:27:43","maria735","diego928@company.org","Deshabilitado"
"165","678","2023-09-10 15:20:52","pablo344","raul635@test.com","Expirado"
"166","311","2024-04-23 23:36:42","luz411","elena311@example.com","Revocado"
"167","215","2024-08-16 10:57:21","isabel293","luz404@domain.com","Cancelado"
"168","673","2023-09-16 17:50:27","ana309","sara998@domain.com","Revocado"
"169","257","2023-02-23 13:05:34","laura623","maria531@mail.com","Reintento"
"170","81","2024-04-02 04:46:26","monica296","julia860@domain.com","Validado"
"171","463","2024-02-19 08:09:59","marco170","fernando798@mail.com","Revocado"
"172","550","2024-07-26 18:55:35","carlos572","luz465@company.org","Generado"
"173","409","2023-07-02 00:02:40","marco995","luz341@test.com","Cancelado"
"174","717","2023-05-28 13:37:18","luis859","monica758@domain.com","Cancelado"
"175","200","2023-05-14 00:17:04","carlos155","maria373@example.com","Utilizado"
"176","538","2024-04-29 10:10:15","carlos527","ana630@example.com","Utilizado"
"177","567","2023-04-05 18:22:35","sara556","maria481@domain.com","Utilizado"
"178","949","2023-01-11 11:54:16","maria310","fernando644@company.org","Utilizado"
"179","160","2023-03-27 01:52:37","carlos770","carlos928@mail.com","Pendiente"
"180","308","2024-11-29 13:15:49","monica267","carlos318@company.org","Fallido"
"181","372","2024-08-26 19:02:22","sara640","julia336@mail.com","Utilizado"
"182","570","2024-09-06 12:47:36","patricia701","elena733@example.com","Expirado"
"183","395","2023-03-02 08:45:09","carlos932","laura723@company.org","Pendiente"
"184","34","2023-08-04 10:44:37","juan607","carlos193@company.org","Revocado"
"185","831","2024-03-12 05:54:26","marco835","elena23@mail.com","Generado"
"186","804","2024-03-09 19:22:47","ana252","carlos17@mail.com","Deshabilitado"
"187","967","2023-07-09 20:33:46","marco215","laura210@company.org","Fallido"
"188","26","2023-06-17 14:58:37","pablo817","patricia248@mail.com","Deshabilitado"
"189","364","2023-06-01 19:35:53","roberto749","fernando786@company.org","Revocado"
"190","686","2024-12-10 22:18:55","elena761","monica315@mail.com","Generado"
"191","309","2024-02-23 17:56:12","luz905","monica788@test.com","Validado"
"192","462","2023-05-06 07:16:26","patricia627","carlos157@domain.com","Reintento"
"193","890","2024-04-01 00:32:09","julia969","marco715@mail.com","Cancelado"
"194","710","2023-01-02 19:22:04","ana920","isabel956@company.org","Deshabilitado"
"195","952","2024-08-06 10:34:08","roberto653","ana132@company.org","Deshabilitado"
"196","716","2024-02-26 00:28:58","luz661","carlos170@mail.com","Revocado"
"197","309","2024-03-27 06:37:59","raul286","ana197@test.com","Deshabilitado"
"198","88","2023-06-21 03:01:38","juan343","isabel190@example.com","Deshabilitado"
"199","305","2023-06-09 08:42:55","laura440","fernando829@test.com","Deshabilitado"
"200","748","2024-05-28 02:16:53","laura456","pedro574@test.com","Cancelado"
"201","88","2023-03-23 05:30:02","isabel544","pedro741@company.org","Revocado"
"202","338","2024-11-22 23:52:22","julia555","marco460@mail.com","Validado"
"203","61","2024-03-04 22:01:44","patricia276","roberto185@mail.com","Expirado"
"204","737","2024-07-25 16:07:07","raul431","laura405@mail.com","Generado"
"205","783","2024-12-14 09:00:10","laura159","luis852@domain.com","Cancelado"
"206","635","2024-12-06 00:56:52","sara196","patricia676@test.com","Pendiente"
"207","525","2024-04-26 20:02:39","elena489","laura24@test.com","Reintento"
"208","93","2023-01-01 11:48:46","pablo254","julia463@company.org","Reintento"
"209","190","2023-07-20 08:14:55","juan995","pablo654@mail.com","Cancelado"
"210","6","2023-10-14 12:45:21","roberto111","fernando70@example.com","Revocado"
"211","315","2024-07-17 16:36:16","fernando437","pedro585@company.org","Cancelado"
"212","109","2024-09-29 07:22:28","carlos461","pedro153@example.com","Pendiente"
"213","144","2024-12-18 04:53:46","laura195","sara665@test.com","Utilizado"
"214","587","2023-10-28 16:15:34","pablo998","laura566@mail.com","Deshabilitado"
"215","854","2023-06-17 13:56:44","luz849","carlos93@example.com","Utilizado"
"216","326","2024-07-02 13:49:13","pablo737","patricia364@company.org","Validado"
"217","907","2023-08-25 09:04:56","patricia684","elena770@company.org","Expirado"
"218","236","2023-04-22 20:50:31","ana402","luis545@company.org","Generado"
"219","927","2024-05-28 06:36:17","patricia256","laura333@example.com","Revocado"
"220","432","2023-10-21 23:42:33","luis193","luz393@example.com","Expirado"
"221","134","2024-10-20 09:19:10","laura557","isabel911@example.com","Generado"
"222","433","2024-03-20 10:25:33","pablo671","ana62@test.com","Utilizado"
"223","123","2024-11-07 19:05:37","fernando386","laura425@example.com","Cancelado"
"224","731","2024-05-03 23:55:39","elena780","maria940@test.com","Deshabilitado"
"225","219","2024-01-14 14:44:00","monica978","marco838@test.com","Utilizado"
"226","645","2024-11-08 17:14:18","isabel428","pedro847@mail.com","Utilizado"
"227","237","2023-08-15 10:13:33","julia719","luis858@example.com","Cancelado"
"228","830","2023-08-05 20:52:08","patricia677","julia363@mail.com","Validado"
"229","25","2024-08-07 09:31:16","julia158","raul53@mail.com","Utilizado"
"230","547","2023-06-24 14:39:01","raul639","pablo794@domain.com","Revocado"
"231","121","2023-04-26 00:07:12","luis941","pedro119@example.com","Validado"
"232","478","2023-02-23 11:47:39","luz988","ana316@test.com","Deshabilitado"
"233","910","2023-09-30 20:07:33","roberto994","monica485@company.org","Utilizado"
"234","937","2024-07-05 19:53:40","sara163","isabel281@mail.com","Cancelado"
"235","787","2023-05-14 04:41:06","julia731","diego857@test.com","Validado"
"236","282","2024-09-28 22:42:26","juan682","carlos32@example.com","Expirado"
"237","73","2023-04-10 12:44:25","laura679","marco878@mail.com","Expirado"
"238","775","2023-12-17 08:02:46","pablo314","fernando456@mail.com","Cancelado"
"239","234","2024-10-07 04:05:05","patricia995","marco39@domain.com","Validado"
"240","213","2024-07-10 21:17:50","ana880","patricia296@company.org","Fallido"
"241","137","2024-06-21 13:51:12","maria235","elena108@example.com","Deshabilitado"
"242","824","2023-02-02 10:39:08","fernando260","laura402@company.org","Utilizado"
"243","260","2024-02-26 21:07:41","marco112","raul33@example.com","Cancelado"
"244","851","2023-06-12 18:05:14","fernando688","pablo935@mail.com","Expirado"
"245","788","2024-10-14 18:52:42","juan281","maria476@mail.com","Pendiente"
"246","643","2024-09-21 19:02:41","juan985","pedro469@domain.com","Validado"
"247","761","2023-04-29 04:14:45","monica508","roberto311@test.com","Validado"
"248","457","2023-10-25 00:37:34","juan917","sara167@mail.com","Reintento"
"249","295","2024-07-11 15:18:42","marco705","pedro151@company.org","Pendiente"
"250","168","2024-11-12 00:55:41","pablo349","monica604@example.com","Validado"
"251","152","2023-06-24 12:01:44","roberto811","julia667@example.com","Cancelado"
"252","829","2024-01-10 12:44:32","laura693","pablo852@example.com","Reintento"
"253","653","2023-10-11 05:03:30","julia609","sara575@test.com","Utilizado"
"254","458","2024-08-05 10:08:41","pedro111","fernando639@domain.com","Generado"
"255","940","2024-07-04 13:51:29","diego106","patricia583@test.com","Pendiente"
"256","187","2023-06-19 07:36:08","isabel600","diego347@example.com","Fallido"
"257","774","2023-06-18 04:58:13","roberto962","laura238@company.org","Cancelado"
"258","649","2023-03-22 13:40:44","isabel492","fernando840@example.com","Utilizado"
"259","682","2024-12-04 07:16:21","julia614","pedro131@example.com","Utilizado"
"260","608","2024-10-09 19:50:21","luis714","sara591@test.com","Utilizado"
"261","560","2024-08-18 12:55:49","patricia678","ana817@test.com","Revocado"
"262","871","2023-08-31 20:24:45","julia780","marco706@example.com","Validado"
"263","256","2024-09-19 10:00:44","laura372","fernando346@domain.com","Expirado"
"264","563","2023-06-16 01:05:50","elena673","ana782@domain.com","Utilizado"
"265","23","2024-10-22 17:39:19","diego570","laura766@company.org","Fallido"
"266","151","2023-10-01 05:19:17","diego114","luz345@company.org","Deshabilitado"
"267","215","2024-01-20 00:06:16","diego436","carlos661@example.com","Deshabilitado"
"268","85","2023-03-15 05:30:21","juan306","monica472@mail.com","Reintento"
"269","580","2023-12-10 09:06:08","fernando333","luz945@domain.com","Generado"
"270","671","2024-06-05 16:41:16","pablo581","patricia696@test.com","Generado"
"271","94","2024-06-11 04:58:01","carlos509","elena799@mail.com","Fallido"
"272","973","2024-02-19 02:53:25","carlos662","pedro612@example.com","Fallido"
"273","717","2023-09-27 06:06:07","pedro455","maria298@company.org","Revocado"
"274","97","2023-12-03 00:14:55","pedro700","laura688@domain.com","Utilizado"
"275","114","2023-03-04 07:40:24","carlos670","raul300@mail.com","Deshabilitado"
"276","708","2023-04-03 05:40:19","luis180","carlos13@test.com","Utilizado"
"277","308","2023-01-25 21:30:42","maria340","ana631@test.com","Validado"
"278","80","2024-03-11 19:58:29","laura890","juan963@test.com","Validado"
"279","443","2023-03-02 23:53:17","pedro585","maria779@company.org","Deshabilitado"
"280","235","2024-07-09 03:21:00","fernando761","maria844@test.com","Cancelado"
"281","89","2024-06-04 09:57:15","ana368","patricia565@mail.com","Utilizado"
"282","298","2023-01-07 17:36:50","raul915","pablo660@mail.com","Reintento"
"283","548","2023-01-02 21:26:47","luz690","roberto2@test.com","Cancelado"
"284","22","2024-09-10 16:34:06","juan677","juan975@example.com","Reintento"
"285","972","2024-08-02 01:06:17","sara353","diego38@example.com","Validado"
"286","44","2024-04-14 19:55:53","diego370","pedro338@company.org","Validado"
"287","429","2024-06-19 03:39:45","patricia707","carlos726@company.org","Generado"
"288","729","2024-04-29 02:58:28","sara869","fernando607@mail.com","Cancelado"
"289","158","2024-12-29 14:49:15","ana935","pablo345@example.com","Pendiente"
"290","163","2023-07-12 12:14:19","elena713","julia196@mail.com","Reintento"
"291","609","2023-10-16 08:47:52","pedro221","pedro386@company.org","Deshabilitado"
"292","662","2024-11-12 09:31:56","pedro979","isabel512@test.com","Deshabilitado"
"293","193","2024-02-20 12:26:20","sara951","elena940@domain.com","Pendiente"
"294","776","2024-01-10 14:59:51","patricia561","julia674@example.com","Fallido"
"295","453","2024-04-19 11:55:39","maria924","roberto280@mail.com","Pendiente"
"296","462","2024-01-30 13:44:11","pedro522","luis116@example.com","Pendiente"
"297","774","2023-03-14 11:07:08","laura813","patricia152@mail.com","Validado"
"298","646","2024-07-03 10:52:18","pablo151","roberto796@domain.com","Deshabilitado"
"299","269","2024-08-07 07:13:20","luz683","monica755@example.com","Reintento"
"300","807","2023-06-02 19:46:35","laura565","isabel53@test.com","Deshabilitado"
"301","727","2023-07-20 14:19:05","sara680","patricia61@company.org","Pendiente"
"302","603","2023-01-09 23:48:34","ana156","maria538@example.com","Generado"
"303","443","2023-01-22 09:42:46","maria821","raul848@domain.com","Reintento"
"304","818","2024-01-26 14:37:23","luis852","marco635@test.com","Expirado"
"305","398","2024-04-18 11:47:48","luis815","laura412@mail.com","Reintento"
"306","566","2023-06-07 18:11:56","sara632","roberto525@test.com","Reintento"
"307","568","2023-08-14 00:39:27","isabel519","diego525@example.com","Expirado"
"308","229","2024-12-18 03:31:26","julia189","marco867@mail.com","Revocado"
"309","342","2024-07-12 15:32:18","luz780","sara246@example.com","Pendiente"
"310","650","2023-09-18 14:01:24","pedro912","pablo609@test.com","Pendiente"
"311","721","2023-10-09 15:29:40","maria136","isabel671@test.com","Expirado"
"312","80","2023-05-26 15:13:47","maria965","maria90@company.org","Reintento"
"313","965","2023-07-17 07:40:00","maria207","ana97@company.org","Pendiente"
"314","651","2024-11-12 16:17:51","laura760","diego35@domain.com","Reintento"
"315","498","2023-04-15 05:46:14","pedro249","laura272@test.com","Validado"
"316","290","2024-10-10 20:39:33","elena121","juan905@example.com","Validado"
"317","169","2023-08-07 18:47:35","ana650","elena922@domain.com","Revocado"
"318","121","2024-01-19 19:54:25","luz950","raul142@domain.com","Deshabilitado"
"319","162","2023-12-29 09:07:04","carlos421","roberto379@domain.com","Utilizado"
"320","325","2024-10-14 23:45:59","luis283","laura358@test.com","Utilizado"
"321","133","2024-11-19 13:16:46","carlos505","fernando395@domain.com","Utilizado"
"322","965","2023-04-01 11:22:53","carlos250","julia177@test.com","Reintento"
"323","531","2023-04-05 21:02:03","luz816","juan265@company.org","Generado"
"324","738","2023-09-23 18:20:32","pedro526","juan845@domain.com","Pendiente"
"325","257","2023-01-09 11:34:02","maria403","roberto673@domain.com","Fallido"
"326","764","2023-05-07 13:54:28","roberto680","luz313@test.com","Revocado"
"327","124","2024-08-24 02:18:18","patricia562","julia318@test.com","Expirado"
"328","722","2024-06-24 07:06:36","pablo241","raul22@domain.com","Validado"
"329","949","2023-12-28 03:47:42","julia120","carlos614@mail.com","Expirado"
"330","99","2024-01-26 20:38:27","marco849","pedro758@company.org","Expirado"
"331","265","2024-09-06 19:50:01","pablo678","luz78@company.org","Cancelado"
"332","734","2023-07-02 08:04:10","fernando609","pablo735@mail.com","Pendiente"
"333","772","2024-05-24 22:38:08","luz498","raul94@example.com","Validado"
"334","861","2023-06-19 16:21:04","juan231","marco389@example.com","Reintento"
"335","252","2023-10-02 01:29:28","sara187","maria752@example.com","Utilizado"
"336","291","2023-07-30 19:05:54","roberto267","pablo848@test.com","Deshabilitado"
"337","227","2024-10-18 18:27:52","marco260","elena883@test.com","Deshabilitado"
"338","547","2024-02-29 09:08:58","laura632","pablo683@domain.com","Revocado"
"339","162","2023-12-10 21:24:24","roberto520","luis819@test.com","Cancelado"
"340","327","2023-03-28 16:01:11","maria700","marco321@mail.com","Utilizado"
"341","521","2023-03-18 13:15:25","raul437","luz724@domain.com","Deshabilitado"
"342","302","2024-01-30 04:53:17","julia109","luis490@mail.com","Pendiente"
"343","916","2023-09-11 12:24:46","elena457","pablo433@mail.com","Cancelado"
"344","100","2023-01-13 03:57:49","luz473","raul554@mail.com","Cancelado"
"345","726","2024-01-13 10:21:01","carlos982","maria65@test.com","Cancelado"
"346","870","2023-11-21 07:48:36","diego864","elena436@example.com","Generado"
"347","807","2023-07-08 17:59:00","julia169","laura106@domain.com","Reintento"
"348","788","2023-06-06 10:47:08","sara723","juan870@example.com","Cancelado"
"349","18","2024-04-14 04:08:04","carlos542","diego755@mail.com","Deshabilitado"
"350","897","2023-02-28 04:23:04","juan211","elena799@test.com","Fallido"
"351","586","2024-08-29 16:48:42","luis301","marco72@company.org","Validado"
"352","779","2024-08-03 09:45:47","ana502","patricia899@company.org","Expirado"
"353","805","2023-05-17 23:30:22","raul614","isabel821@mail.com","Revocado"
"354","460","2023-03-01 21:37:12","carlos631","isabel776@mail.com","Utilizado"
"355","599","2023-11-28 01:38:07","fernando715","luz16@mail.com","Revocado"
"356","858","2023-09-03 11:33:29","marco432","roberto91@mail.com","Validado"
"357","80","2024-05-05 16:12:21","raul208","raul203@company.org","Cancelado"
"358","243","2023-02-10 14:35:39","julia568","sara560@company.org","Utilizado"
"359","489","2024-01-26 20:41:27","patricia262","ana905@test.com","Deshabilitado"
"360","894","2024-01-08 11:41:26","luis342","maria649@example.com","Utilizado"
"361","848","2024-05-22 20:15:53","ana860","raul362@company.org","Validado"
"362","31","2024-11-20 14:17:50","elena921","ana854@company.org","Utilizado"
"363","507","2024-10-15 19:58:48","luz449","diego680@company.org","Validado"
"364","477","2024-12-24 07:52:08","pedro645","patricia708@mail.com","Reintento"
"365","255","2023-09-15 21:56:23","julia726","laura621@mail.com","Fallido"
"366","589","2024-11-12 23:11:56","patricia560","julia945@domain.com","Cancelado"
"367","551","2023-09-02 17:59:14","luis561","luis154@example.com","Utilizado"
"368","471","2023-02-08 01:30:08","juan962","elena506@company.org","Fallido"
"369","995","2023-01-05 20:12:17","patricia306","raul360@mail.com","Revocado"
"370","766","2023-08-29 04:17:31","ana520","pablo368@mail.com","Reintento"
"371","647","2024-01-03 08:08:10","juan952","fernando330@mail.com","Utilizado"
"372","102","2024-03-08 21:23:05","patricia993","pedro815@mail.com","Expirado"
"373","33","2024-05-27 14:53:11","carlos794","pedro140@test.com","Reintento"
"374","369","2024-01-31 11:05:23","laura837","sara98@company.org","Deshabilitado"
"375","591","2024-11-14 15:31:31","maria878","ana438@mail.com","Revocado"
"376","527","2023-03-19 03:14:02","roberto952","ana802@company.org","Validado"
"377","262","2023-02-03 04:06:31","pedro781","elena634@mail.com","Pendiente"
"378","43","2024-01-11 00:35:53","juan395","marco730@test.com","Expirado"
"379","792","2024-07-07 01:32:19","luis546","luis358@domain.com","Validado"
"380","832","2023-09-16 01:20:34","roberto905","roberto258@company.org","Fallido"
"381","979","2023-10-31 22:31:47","sara716","carlos243@domain.com","Deshabilitado"
"382","773","2024-11-09 09:24:47","luis626","patricia834@company.org","Cancelado"
"383","609","2023-08-07 22:05:31","juan794","isabel609@mail.com","Fallido"
"384","877","2023-12-04 04:34:18","pedro488","luz395@mail.com","Generado"
"385","514","2023-05-30 06:43:03","laura694","sara188@mail.com","Utilizado"
"386","290","2023-08-11 13:04:34","carlos749","pedro629@company.org","Reintento"
"387","675","2024-02-09 01:05:29","sara300","carlos755@company.org","Reintento"
"388","883","2024-06-16 10:46:44","marco507","fernando497@example.com","Validado"
"389","257","2024-11-04 08:45:51","diego799","luz706@domain.com","Revocado"
"390","199","2024-01-16 01:24:05","isabel675","marco505@company.org","Cancelado"
"391","78","2023-05-28 19:42:33","roberto822","laura569@test.com","Utilizado"
"392","17","2023-03-26 23:22:28","monica645","luz878@company.org","Pendiente"
"393","37","2024-02-03 22:42:35","ana542","luis993@test.com","Validado"
"394","53","2023-10-04 06:20:05","elena940","juan504@example.com","Generado"
"395","541","2024-01-20 07:13:07","monica338","fernando393@company.org","Utilizado"
"396","233","2024-07-17 15:39:14","sara588","ana214@mail.com","Generado"
"397","192","2024-05-07 04:05:12","julia598","fernando621@company.org","Validado"
"398","831","2024-08-07 19:17:55","julia802","isabel301@example.com","Generado"
"399","893","2024-07-09 02:14:43","luz344","diego613@mail.com","Deshabilitado"
"400","563","2024-04-17 16:07:28","fernando976","diego503@mail.com","Fallido"
"401","126","2024-11-28 13:53:09","luz940","roberto802@example.com","Generado"
"402","989","2024-01-26 19:24:26","luz431","marco45@mail.com","Revocado"
"403","187","2024-01-02 07:05:04","ana472","diego563@mail.com","Reintento"
"404","632","2024-05-19 10:48:09","juan544","isabel964@test.com","Utilizado"
"405","727","2024-04-15 15:11:36","luz253","raul638@example.com","Reintento"
"406","770","2023-05-05 16:39:53","patricia333","pedro508@test.com","Reintento"
"407","432","2024-02-27 04:42:19","roberto938","luz503@domain.com","Fallido"
"408","10","2024-09-01 22:47:37","juan292","pedro294@mail.com","Utilizado"
"409","989","2024-10-12 12:13:15","patricia112","roberto146@test.com","Generado"
"410","396","2023-07-27 04:14:05","laura129","raul105@mail.com","Pendiente"
"411","251","2024-06-24 14:51:41","fernando443","maria93@domain.com","Deshabilitado"
"412","446","2024-03-16 17:16:04","laura545","carlos292@company.org","Deshabilitado"
"413","386","2024-11-13 21:49:03","marco357","monica65@company.org","Validado"
"414","720","2024-07-14 12:04:20","pedro932","isabel362@company.org","Validado"
"415","139","2023-01-20 00:46:10","pablo596","laura658@company.org","Expirado"
"416","494","2024-10-04 02:11:19","carlos667","sara869@company.org","Fallido"
"417","184","2024-02-05 14:23:33","laura646","marco981@mail.com","Reintento"
"418","104","2024-05-31 13:46:23","monica120","maria235@test.com","Deshabilitado"
"419","171","2024-03-06 12:56:46","monica227","marco933@example.com","Expirado"
"420","150","2023-12-15 15:59:52","carlos960","laura719@mail.com","Reintento"
"421","254","2023-08-04 09:43:46","elena477","pedro993@company.org","Pendiente"
"422","322","2024-08-26 02:03:12","raul769","laura280@test.com","Deshabilitado"
"423","263","2023-07-30 22:57:55","fernando163","roberto984@example.com","Revocado"
"424","861","2024-11-22 23:22:41","maria220","monica33@test.com","Expirado"
"425","637","2024-05-17 21:53:23","luis730","diego319@domain.com","Revocado"
"426","231","2023-09-05 08:45:03","roberto100","monica733@mail.com","Expirado"
"427","232","2024-12-25 10:02:22","luz418","pedro361@example.com","Generado"
"428","866","2023-12-18 12:11:40","patricia476","luis826@test.com","Pendiente"
"429","109","2023-12-08 11:47:36","monica745","pablo605@company.org","Pendiente"
"430","927","2023-03-17 16:33:42","juan925","ana686@mail.com","Reintento"
"431","6","2023-05-01 01:25:43","maria516","elena101@mail.com","Expirado"
"432","695","2024-08-28 14:01:21","maria537","fernando705@domain.com","Generado"
"433","448","2024-04-14 22:11:09","raul167","diego422@domain.com","Deshabilitado"
"434","357","2023-02-25 02:27:28","elena881","pedro21@test.com","Revocado"
"435","168","2023-01-09 23:23:14","ana807","laura210@test.com","Revocado"
"436","80","2024-10-31 20:48:39","patricia177","pablo253@example.com","Deshabilitado"
"437","366","2024-07-06 09:03:09","elena210","diego361@mail.com","Expirado"
"438","946","2023-01-10 15:25:10","isabel833","luis47@mail.com","Revocado"
"439","939","2024-11-10 23:42:56","julia520","sara260@example.com","Cancelado"
"440","494","2024-08-09 13:17:25","monica400","sara841@domain.com","Validado"
"441","770","2023-10-13 11:46:11","julia413","monica696@mail.com","Fallido"
"442","445","2023-09-28 05:38:57","marco878","roberto210@company.org","Expirado"
"443","722","2023-06-24 01:38:37","carlos557","maria395@domain.com","Fallido"
"444","387","2023-01-27 16:47:07","ana647","carlos604@mail.com","Utilizado"
"445","834","2024-01-20 19:31:34","fernando506","diego650@example.com","Fallido"
"446","744","2023-10-05 00:32:20","julia559","fernando762@mail.com","Pendiente"
"447","679","2024-11-06 13:34:24","monica913","roberto563@test.com","Revocado"
"448","523","2023-05-13 16:42:18","raul243","diego821@example.com","Revocado"
"449","728","2023-07-10 21:52:27","pedro924","julia860@test.com","Validado"
"450","523","2023-12-18 09:10:54","juan549","elena333@company.org","Pendiente"
"451","634","2024-06-21 06:06:48","roberto706","elena105@company.org","Revocado"
"452","132","2024-11-17 05:50:23","diego234","luis888@example.com","Revocado"
"453","100","2024-06-15 23:04:59","roberto692","maria43@test.com","Reintento"
"454","238","2024-08-21 10:40:59","maria837","juan258@example.com","Expirado"
"455","437","2023-08-21 11:55:59","patricia478","pedro353@example.com","Revocado"
"456","779","2023-05-19 06:40:09","monica638","roberto786@company.org","Revocado"
"457","793","2024-10-25 14:16:02","monica512","luis201@company.org","Generado"
"458","209","2024-05-01 04:52:13","diego955","pablo570@test.com","Expirado"
"459","773","2023-03-17 12:40:19","isabel754","diego884@test.com","Fallido"
"460","788","2024-12-15 00:58:48","julia367","patricia377@test.com","Expirado"
"461","238","2023-10-15 01:29:06","julia108","marco42@domain.com","Validado"
"462","225","2023-04-29 00:55:20","elena849","diego995@domain.com","Fallido"
"463","63","2024-10-17 18:33:29","monica111","monica393@domain.com","Cancelado"
"464","721","2024-10-10 11:04:28","laura735","carlos938@domain.com","Expirado"
"465","737","2024-11-09 02:37:22","raul742","sara583@mail.com","Reintento"
"466","997","2023-10-25 01:29:22","diego445","pablo975@test.com","Deshabilitado"
"467","104","2024-07-08 06:27:58","elena364","elena143@test.com","Generado"
"468","127","2024-09-20 20:50:42","maria867","roberto827@test.com","Revocado"
"469","505","2023-02-07 16:36:30","juan861","pablo287@company.org","Expirado"
"470","599","2023-03-15 08:25:41","maria351","diego452@company.org","Cancelado"
"471","895","2024-08-14 16:46:56","fernando904","luis351@mail.com","Expirado"
"472","353","2023-09-13 04:48:33","ana138","ana511@mail.com","Generado"
"473","335","2024-10-17 14:10:34","raul353","elena660@test.com","Fallido"
"474","706","2024-05-13 14:58:13","carlos621","isabel757@test.com","Deshabilitado"
"475","594","2023-09-21 08:43:10","fernando560","juan474@example.com","Generado"
"476","268","2024-06-28 18:50:09","marco866","luz971@mail.com","Expirado"
"477","182","2023-06-01 00:34:02","julia996","maria945@mail.com","Utilizado"
"478","629","2024-03-26 00:32:00","monica608","patricia524@example.com","Fallido"
"479","868","2023-03-05 18:29:44","pedro712","marco474@example.com","Reintento"
"480","419","2024-04-03 23:26:25","pedro718","julia204@company.org","Pendiente"
"481","18","2024-05-26 23:33:30","raul592","monica53@mail.com","Revocado"
"482","696","2023-12-23 15:53:28","luis346","luz127@mail.com","Pendiente"
"483","659","2024-02-08 19:08:05","diego441","juan523@mail.com","Fallido"
"484","178","2024-02-09 00:38:41","carlos731","luz803@test.com","Fallido"
"485","90","2024-09-25 03:08:41","carlos413","patricia296@example.com","Validado"
"486","406","2024-12-05 13:01:49","fernando137","pablo897@example.com","Reintento"
"487","205","2024-07-29 17:52:47","monica549","elena797@example.com","Cancelado"
"488","800","2023-06-30 23:40:46","julia797","pedro390@company.org","Validado"
"489","18","2023-06-08 02:39:13","pedro571","monica624@company.org","Generado"
"490","9","2024-12-03 22:53:34","carlos465","elena380@test.com","Cancelado"
"491","785","2023-02-04 08:13:18","julia901","marco986@example.com","Pendiente"
"492","536","2024-05-13 16:29:04","juan689","fernando791@mail.com","Generado"
"493","981","2023-11-06 03:33:10","ana873","luz187@company.org","Utilizado"
"494","506","2023-04-28 03:28:41","juan462","ana73@example.com","Validado"
"495","175","2024-09-06 21:02:58","maria696","julia880@company.org","Generado"
"496","290","2023-09-24 21:04:55","roberto141","isabel893@mail.com","Expirado"
"497","322","2024-03-05 18:18:04","julia498","fernando705@example.com","Fallido"
"498","705","2024-05-11 06:58:37","juan812","luis536@example.com","Deshabilitado"
"499","827","2024-06-05 13:33:23","carlos489","ana16@company.org","Generado"
"500","206","2024-02-03 13:09:49","marco538","luz181@test.com","Deshabilitado"
"501","735","2024-11-08 12:36:03","roberto745","sara183@company.org","Deshabilitado"
"502","790","2023-08-22 18:58:19","pablo942","luis136@example.com","Pendiente"
"503","200","2023-03-31 14:14:38","carlos697","ana632@mail.com","Pendiente"
"504","767","2023-09-02 19:13:26","raul852","pedro853@domain.com","Expirado"
"505","983","2024-04-15 09:22:34","raul796","isabel475@test.com","Reintento"
"506","944","2024-10-10 08:01:48","diego558","fernando898@mail.com","Revocado"
"507","494","2024-07-02 04:37:55","sara584","pedro608@domain.com","Reintento"
"508","952","2024-08-28 06:45:53","roberto674","sara950@domain.com","Pendiente"
"509","581","2023-07-21 21:18:44","pablo693","raul786@company.org","Fallido"
"510","162","2024-12-30 16:19:08","luz297","elena116@test.com","Revocado"
"511","413","2023-08-27 07:11:56","sara295","luz656@test.com","Expirado"
"512","377","2024-12-03 01:36:28","luz370","luz638@company.org","Generado"
"513","969","2024-04-04 02:08:24","julia926","diego587@mail.com","Pendiente"
"514","232","2024-07-10 14:47:21","pedro390","ana598@domain.com","Generado"
"515","223","2023-12-30 19:30:04","pedro120","laura572@company.org","Revocado"
"516","359","2024-01-12 11:10:02","maria457","maria192@example.com","Validado"
"517","504","2023-03-01 00:34:38","juan833","marco98@mail.com","Revocado"
"518","977","2024-04-13 13:58:32","diego941","roberto6@domain.com","Cancelado"
"519","580","2024-04-07 01:44:44","marco963","pablo211@mail.com","Cancelado"
"520","65","2023-02-13 23:39:13","isabel300","elena365@mail.com","Pendiente"
"521","264","2024-02-13 15:59:57","monica603","elena860@test.com","Validado"
"522","56","2023-11-15 03:42:49","marco714","julia838@mail.com","Generado"
"523","281","2024-06-23 21:08:35","monica775","raul849@domain.com","Deshabilitado"
"524","724","2023-05-09 11:30:25","marco404","laura922@test.com","Cancelado"
"525","563","2024-06-05 23:50:54","luis689","diego675@domain.com","Expirado"
"526","874","2024-07-31 19:27:19","luz593","luis714@example.com","Utilizado"
"527","688","2023-07-14 07:36:41","sara901","monica768@example.com","Reintento"
"528","288","2024-09-04 02:00:45","raul645","fernando698@company.org","Revocado"
"529","953","2024-06-15 21:06:13","elena835","raul461@test.com","Deshabilitado"
"530","262","2024-11-02 00:41:14","pablo691","maria75@test.com","Utilizado"
"531","933","2023-03-13 04:00:47","sara371","luz777@domain.com","Expirado"
"532","744","2024-09-27 02:07:37","fernando612","isabel575@mail.com","Generado"
"533","378","2024-04-10 00:14:11","carlos128","pablo683@example.com","Revocado"
"534","233","2023-07-27 22:03:56","juan768","roberto239@company.org","Reintento"
"535","999","2023-05-08 19:47:19","luz785","pedro497@test.com","Cancelado"
"536","667","2024-07-09 00:43:35","pedro218","diego639@company.org","Validado"
"537","341","2024-04-19 17:13:59","luis311","laura967@company.org","Pendiente"
"538","325","2024-01-20 13:48:20","laura305","roberto864@mail.com","Fallido"
"539","903","2023-06-20 15:55:00","ana557","roberto446@mail.com","Utilizado"
"540","967","2024-01-24 04:17:34","raul972","roberto658@company.org","Deshabilitado"
"541","654","2023-12-10 06:21:52","laura782","diego610@domain.com","Generado"
"542","999","2024-07-27 13:56:44","isabel490","julia118@example.com","Generado"
"543","945","2024-04-27 01:14:35","roberto321","marco26@test.com","Deshabilitado"
"544","681","2024-12-03 03:59:32","sara439","isabel434@domain.com","Generado"
"545","192","2024-07-10 10:21:36","luz584","julia61@domain.com","Pendiente"
"546","178","2023-12-11 05:02:37","elena637","maria169@domain.com","Validado"
"547","568","2024-08-14 07:44:32","ana758","elena332@mail.com","Reintento"
"548","698","2024-09-13 23:16:26","ana215","luz227@domain.com","Validado"
"549","594","2023-01-24 16:22:44","juan819","raul596@mail.com","Cancelado"
"550","920","2023-12-24 01:46:02","elena201","monica279@company.org","Cancelado"
"551","776","2023-06-15 14:30:40","juan893","pablo233@domain.com","Expirado"
"552","752","2024-09-01 00:15:04","luz245","patricia352@mail.com","Expirado"
"553","295","2023-09-07 15:58:20","sara315","raul32@example.com","Reintento"
"554","763","2023-02-24 10:06:34","pedro872","juan536@company.org","Expirado"
"555","96","2023-05-07 07:19:35","julia485","juan814@company.org","Cancelado"
"556","480","2024-07-31 02:58:44","ana986","julia899@test.com","Deshabilitado"
"557","114","2024-10-11 21:19:52","diego409","pedro896@example.com","Utilizado"
"558","108","2023-03-10 02:01:37","julia997","carlos824@company.org","Reintento"
"559","543","2024-01-04 05:51:10","elena789","roberto881@company.org","Expirado"
"560","607","2023-12-23 00:25:50","luis861","isabel323@domain.com","Deshabilitado"
"561","222","2024-11-15 04:18:14","juan743","isabel629@example.com","Expirado"
"562","75","2024-03-04 23:07:48","luis876","pedro512@company.org","Validado"
"563","665","2023-08-08 16:17:43","marco329","luis961@mail.com","Revocado"
"564","609","2023-01-12 16:09:07","carlos601","sara930@domain.com","Reintento"
"565","442","2023-10-27 23:22:23","julia872","patricia696@domain.com","Validado"
"566","922","2023-01-10 04:37:14","carlos459","laura774@company.org","Generado"
"567","446","2023-07-01 12:17:41","juan219","luz318@company.org","Pendiente"
"568","915","2024-02-29 10:40:41","pedro803","maria270@test.com","Generado"
"569","421","2023-06-19 11:45:08","isabel404","sara331@example.com","Generado"
"570","753","2024-09-20 16:55:54","marco956","elena322@mail.com","Revocado"
"571","793","2024-12-09 19:18:54","julia664","luis124@domain.com","Expirado"
"572","810","2024-04-29 12:17:49","isabel797","julia371@domain.com","Deshabilitado"
"573","203","2023-07-31 15:00:53","patricia384","juan191@company.org","Validado"
"574","390","2024-04-16 00:38:55","julia192","roberto248@company.org","Generado"
"575","740","2024-03-20 18:06:51","pedro734","ana431@mail.com","Reintento"
"576","6","2024-05-20 07:54:23","maria245","monica326@domain.com","Utilizado"
"577","237","2023-07-12 00:26:44","juan824","juan660@domain.com","Validado"
"578","113","2023-12-15 18:10:01","patricia936","laura81@mail.com","Utilizado"
"579","381","2024-04-05 02:43:31","sara172","pablo449@company.org","Fallido"
"580","659","2023-04-24 09:25:49","marco840","pedro37@company.org","Cancelado"
"581","759","2023-06-29 07:12:09","sara744","diego871@example.com","Revocado"
"582","45","2023-10-17 17:29:00","roberto379","ana356@example.com","Pendiente"
"583","3","2023-06-17 18:43:01","elena126","diego255@example.com","Deshabilitado"
"584","50","2024-08-30 05:45:47","raul256","elena275@domain.com","Expirado"
"585","381","2023-08-30 20:14:26","raul116","sara703@test.com","Generado"
"586","108","2023-10-13 22:11:18","carlos917","julia998@mail.com","Generado"
"587","721","2023-06-14 17:50:13","monica422","maria246@company.org","Reintento"
"588","537","2024-02-26 09:56:03","sara862","juan78@mail.com","Expirado"
"589","95","2023-01-14 01:50:20","diego267","fernando870@example.com","Cancelado"
"590","992","2024-12-20 09:06:04","fernando472","fernando920@company.org","Deshabilitado"
"591","207","2024-06-25 17:45:57","elena335","monica809@domain.com","Deshabilitado"
"592","829","2024-11-12 09:52:48","roberto920","pedro502@mail.com","Revocado"
"593","810","2024-11-04 13:57:00","luis678","isabel657@company.org","Expirado"
"594","258","2024-08-11 02:24:30","raul102","raul524@company.org","Deshabilitado"
"595","758","2023-07-04 02:33:18","laura746","laura714@domain.com","Revocado"
"596","277","2023-01-24 17:18:23","raul355","elena444@company.org","Fallido"
"597","403","2024-03-18 03:30:05","juan266","sara160@company.org","Utilizado"
"598","996","2023-02-01 07:56:55","monica847","sara565@test.com","Cancelado"
"599","208","2024-05-29 08:02:35","sara205","pablo589@test.com","Reintento"
"600","386","2023-06-04 01:59:15","patricia416","marco761@test.com","Expirado"
"601","480","2024-12-14 17:29:18","roberto539","monica134@mail.com","Validado"
"602","101","2023-08-27 01:48:59","pablo704","raul328@mail.com","Validado"
"603","557","2023-08-30 22:05:38","ana346","diego127@company.org","Utilizado"
"604","825","2024-12-05 07:28:47","laura590","roberto891@example.com","Pendiente"
"605","708","2024-01-20 02:01:18","elena515","monica126@domain.com","Pendiente"
"606","10","2024-09-04 05:40:14","diego243","raul114@domain.com","Fallido"
"607","35","2024-06-25 23:08:14","julia100","julia910@domain.com","Revocado"
"608","767","2024-12-28 23:45:14","monica411","laura90@mail.com","Fallido"
"609","1000","2023-05-27 13:16:45","maria370","ana520@company.org","Deshabilitado"
"610","456","2024-02-25 08:49:19","juan402","marco916@domain.com","Generado"
"611","764","2024-12-16 11:04:43","sara968","diego664@company.org","Revocado"
"612","502","2024-08-13 02:23:58","carlos822","maria919@company.org","Utilizado"
"613","370","2023-08-26 04:25:18","maria762","pedro273@test.com","Reintento"
"614","431","2023-04-17 03:14:42","roberto419","roberto795@test.com","Utilizado"
"615","970","2024-09-27 05:37:09","monica175","luis501@example.com","Reintento"
"616","811","2024-05-18 04:03:45","monica343","luz533@test.com","Fallido"
"617","510","2023-12-28 00:45:31","isabel410","patricia891@test.com","Pendiente"
"618","761","2023-07-08 21:58:14","sara714","elena46@company.org","Revocado"
"619","794","2023-12-09 08:16:29","raul585","pedro116@domain.com","Validado"
"620","430","2024-07-21 16:19:33","carlos824","fernando74@mail.com","Fallido"
"621","997","2024-08-26 14:19:46","patricia419","diego88@domain.com","Generado"
"622","324","2024-01-13 13:15:30","fernando758","juan239@mail.com","Validado"
"623","886","2023-05-26 07:47:59","fernando726","maria932@domain.com","Validado"
"624","679","2024-05-26 19:03:40","monica709","juan463@example.com","Reintento"
"625","459","2024-07-23 17:19:32","julia948","carlos507@test.com","Generado"
"626","19","2024-03-20 16:18:05","monica787","monica122@mail.com","Revocado"
"627","687","2023-12-15 09:51:54","luz314","sara533@example.com","Reintento"
"628","228","2024-04-05 17:04:39","pedro703","julia75@example.com","Expirado"
"629","604","2024-12-30 23:31:52","laura427","roberto601@mail.com","Utilizado"
"630","933","2023-02-22 11:05:40","raul129","marco90@domain.com","Cancelado"
"631","993","2023-12-23 15:07:02","luz139","luis101@mail.com","Pendiente"
"632","170","2023-04-03 23:22:53","monica139","raul799@company.org","Utilizado"
"633","609","2023-12-30 19:33:40","roberto410","laura327@domain.com","Utilizado"
"634","615","2023-02-06 15:49:02","julia837","pedro898@domain.com","Generado"
"635","302","2024-04-01 10:35:15","diego445","luis958@company.org","Revocado"
"636","12","2024-04-13 15:44:14","juan666","monica306@domain.com","Utilizado"
"637","225","2023-03-08 20:48:56","raul685","elena653@company.org","Deshabilitado"
"638","771","2024-12-19 01:32:26","isabel746","marco342@example.com","Deshabilitado"
"639","250","2023-06-15 18:17:43","luis317","isabel372@domain.com","Expirado"
"640","186","2024-02-22 08:00:29","marco232","diego747@domain.com","Generado"
"641","608","2023-03-26 00:12:22","luis784","marco450@test.com","Reintento"
"642","1","2024-01-18 00:38:51","ana336","pablo565@mail.com","Utilizado"
"643","385","2024-04-25 08:58:51","roberto274","laura273@test.com","Cancelado"
"644","770","2024-06-20 17:41:11","fernando794","carlos785@company.org","Fallido"
"645","546","2024-09-16 09:57:34","raul876","isabel781@mail.com","Cancelado"
"646","85","2024-07-03 20:46:51","luz204","julia502@company.org","Cancelado"
"647","89","2023-12-20 09:14:02","maria152","patricia363@test.com","Generado"
"648","202","2023-10-19 14:14:05","juan634","raul638@mail.com","Pendiente"
"649","881","2024-12-28 08:10:00","raul808","raul640@test.com","Fallido"
"650","711","2024-05-18 22:39:53","patricia594","roberto689@example.com","Revocado"
"651","35","2024-12-04 08:48:19","pablo477","sara684@example.com","Expirado"
"652","305","2024-04-18 13:45:26","roberto784","roberto776@test.com","Generado"
"653","197","2023-05-15 16:22:56","ana426","elena414@example.com","Generado"
"654","473","2023-03-23 02:14:43","diego594","elena684@company.org","Fallido"
"655","957","2023-02-21 23:13:41","diego878","laura882@test.com","Validado"
"656","214","2024-07-28 08:55:46","pedro528","marco762@example.com","Revocado"
"657","806","2024-02-23 20:22:25","raul571","carlos139@test.com","Pendiente"
"658","259","2024-05-13 06:12:15","patricia330","ana113@mail.com","Validado"
"659","118","2024-08-19 16:03:29","luz760","isabel750@example.com","Cancelado"
"660","644","2023-02-18 08:02:26","luis731","luis815@mail.com","Utilizado"
"661","14","2023-09-05 12:29:32","monica362","maria275@test.com","Fallido"
"662","506","2024-02-10 06:10:57","juan743","marco151@company.org","Deshabilitado"
"663","329","2024-12-06 06:46:43","luz866","patricia879@example.com","Validado"
"664","712","2023-02-09 00:51:17","ana750","julia228@mail.com","Expirado"
"665","571","2023-10-19 20:57:54","juan143","julia324@domain.com","Reintento"
"666","118","2023-07-27 10:52:09","roberto569","carlos607@domain.com","Cancelado"
"667","757","2023-08-20 01:12:35","luis652","isabel92@domain.com","Generado"
"668","214","2024-04-15 06:09:43","roberto503","diego682@example.com","Generado"
"669","150","2024-03-30 17:05:04","diego360","diego903@test.com","Pendiente"
"670","110","2024-01-23 03:38:53","maria847","ana952@domain.com","Reintento"
"671","647","2023-04-03 21:19:12","maria671","pablo563@domain.com","Reintento"
"672","646","2023-10-02 00:56:20","raul637","maria237@company.org","Deshabilitado"
"673","588","2024-02-13 17:24:07","julia125","roberto364@company.org","Validado"
"674","852","2024-05-02 07:42:21","maria899","marco374@example.com","Validado"
"675","716","2023-08-16 20:18:06","patricia751","raul350@domain.com","Expirado"
"676","839","2024-04-15 10:11:04","roberto958","laura548@example.com","Revocado"
"677","161","2023-11-29 09:15:41","monica404","monica817@example.com","Pendiente"
"678","661","2024-12-12 02:49:59","patricia425","maria839@mail.com","Deshabilitado"
"679","429","2023-04-04 00:22:09","raul166","ana708@domain.com","Pendiente"
"680","125","2024-05-23 05:41:18","laura783","carlos323@company.org","Deshabilitado"
"681","73","2024-06-17 14:59:06","patricia444","raul766@company.org","Revocado"
"682","117","2024-12-20 09:12:34","luz895","sara345@mail.com","Cancelado"
"683","862","2023-09-28 21:09:57","diego191","maria387@domain.com","Cancelado"
"684","221","2024-02-14 00:23:01","diego546","patricia892@domain.com","Reintento"
"685","692","2024-09-15 21:05:23","julia284","carlos794@test.com","Pendiente"
"686","231","2023-04-19 07:40:31","pedro891","diego613@test.com","Pendiente"
"687","965","2023-01-04 05:43:37","luz234","luis463@domain.com","Utilizado"
"688","961","2024-06-10 14:24:39","diego538","marco419@domain.com","Generado"
"689","13","2024-08-07 08:48:04","luz514","laura457@company.org","Validado"
"690","876","2023-06-10 20:58:42","roberto957","carlos60@company.org","Expirado"
"691","478","2024-07-26 12:20:08","marco491","patricia194@domain.com","Pendiente"
"692","7","2024-06-14 01:54:53","luis594","monica898@company.org","Generado"
"693","103","2023-07-02 18:49:58","laura867","diego114@test.com","Utilizado"
"694","947","2024-06-10 15:59:38","carlos361","juan966@example.com","Generado"
"695","967","2023-02-12 22:50:07","julia982","juan391@example.com","Pendiente"
"696","320","2023-11-10 15:18:58","sara346","carlos180@test.com","Expirado"
"697","426","2023-05-04 22:58:35","raul487","diego387@domain.com","Validado"
"698","813","2023-03-22 20:55:04","ana373","monica109@example.com","Utilizado"
"699","316","2024-12-10 09:40:44","carlos743","maria728@mail.com","Cancelado"
"700","468","2024-10-31 04:48:08","maria688","pablo207@domain.com","Generado"
"701","268","2024-05-06 13:54:27","elena619","diego500@example.com","Pendiente"
"702","697","2023-03-01 16:01:56","fernando380","carlos988@example.com","Revocado"
"703","137","2023-10-04 04:57:36","juan765","luz795@domain.com","Deshabilitado"
"704","975","2023-06-16 07:15:45","laura867","maria831@domain.com","Generado"
"705","634","2024-04-11 19:51:07","julia652","laura659@company.org","Pendiente"
"706","993","2023-04-29 05:02:41","pablo537","sara1@domain.com","Fallido"
"707","922","2024-11-12 10:59:51","pablo866","pedro948@company.org","Expirado"
"708","795","2024-12-10 21:08:32","diego533","patricia384@example.com","Validado"
"709","957","2024-01-30 10:08:48","luis563","carlos531@company.org","Utilizado"
"710","361","2024-06-01 00:26:26","marco418","maria677@example.com","Validado"
"711","4","2023-12-18 22:27:18","fernando312","luis480@example.com","Utilizado"
"712","27","2023-10-28 21:51:50","elena452","raul551@domain.com","Revocado"
"713","83","2024-10-20 09:10:49","julia374","carlos138@mail.com","Utilizado"
"714","988","2024-07-23 08:09:26","raul102","fernando674@example.com","Pendiente"
"715","563","2024-10-07 07:27:24","elena415","isabel682@test.com","Revocado"
"716","311","2024-10-26 22:01:35","luz369","monica894@company.org","Fallido"
"717","884","2024-05-29 22:59:58","elena114","diego215@example.com","Expirado"
"718","811","2023-05-25 15:41:08","fernando703","fernando403@mail.com","Expirado"
"719","40","2023-05-24 06:47:03","marco916","juan508@company.org","Revocado"
"720","365","2024-08-14 17:15:50","patricia715","roberto840@mail.com","Generado"
"721","938","2023-03-12 01:06:21","elena221","fernando979@example.com","Revocado"
"722","559","2023-01-21 18:11:10","maria511","raul134@mail.com","Revocado"
"723","756","2023-12-06 04:46:58","raul909","raul131@domain.com","Fallido"
"724","778","2024-11-12 21:14:52","marco330","luz200@company.org","Fallido"
"725","362","2023-12-05 17:25:47","pedro283","sara830@test.com","Validado"
"726","408","2023-05-13 23:21:58","pablo616","diego347@domain.com","Expirado"
"727","654","2023-01-16 03:53:24","isabel141","maria464@mail.com","Deshabilitado"
"728","770","2024-05-14 16:46:01","carlos633","patricia410@mail.com","Generado"
"729","254","2023-11-15 05:45:31","laura383","sara761@domain.com","Cancelado"
"730","883","2024-02-12 22:36:20","juan640","pedro892@company.org","Expirado"
"731","235","2023-03-25 11:17:56","isabel402","raul357@mail.com","Utilizado"
"732","132","2024-06-30 00:16:25","pedro707","luis150@company.org","Validado"
"733","273","2024-03-24 19:47:00","patricia411","isabel301@test.com","Fallido"
"734","902","2024-04-26 03:00:15","luis191","monica787@example.com","Deshabilitado"
"735","799","2024-10-01 20:59:17","elena137","patricia503@test.com","Deshabilitado"
"736","327","2023-07-24 14:09:50","monica797","monica619@test.com","Generado"
"737","330","2023-09-05 19:22:44","luz317","raul850@example.com","Expirado"
"738","244","2023-04-03 18:59:25","marco295","sara314@company.org","Pendiente"
"739","821","2023-07-26 03:40:28","isabel379","luz585@mail.com","Fallido"
"740","353","2024-01-28 10:01:29","juan294","luis768@domain.com","Cancelado"
"741","56","2023-08-03 03:52:33","luis294","diego299@example.com","Expirado"
"742","845","2024-07-09 20:44:34","laura223","elena778@domain.com","Fallido"
"743","570","2023-12-27 18:03:29","maria891","fernando379@example.com","Reintento"
"744","197","2024-03-29 20:27:11","roberto330","roberto979@example.com","Revocado"
"745","561","2023-11-09 21:38:00","julia446","maria626@test.com","Cancelado"
"746","858","2023-06-26 08:20:49","diego685","ana328@example.com","Expirado"
"747","397","2023-11-12 15:45:28","juan136","carlos178@company.org","Deshabilitado"
"748","636","2023-12-01 04:50:40","sara917","luz377@test.com","Fallido"
"749","228","2024-11-14 22:08:50","laura204","carlos467@company.org","Generado"
"750","704","2024-02-12 22:34:44","fernando288","pablo444@test.com","Cancelado"
"751","955","2023-09-20 15:35:20","maria589","maria212@company.org","Cancelado"
"752","442","2023-06-07 11:58:21","julia954","carlos511@mail.com","Revocado"
"753","516","2023-03-10 13:53:38","diego841","carlos110@test.com","Expirado"
"754","391","2023-08-20 14:48:16","marco797","fernando627@test.com","Cancelado"
"755","98","2023-10-05 18:47:40","raul578","julia294@mail.com","Utilizado"
"756","594","2023-04-14 08:08:17","laura803","ana449@example.com","Utilizado"
"757","599","2024-04-08 14:45:29","ana202","roberto330@mail.com","Cancelado"
"758","429","2023-06-23 02:31:52","ana361","pedro423@company.org","Fallido"
"759","633","2023-07-12 14:37:58","isabel211","juan20@example.com","Expirado"
"760","891","2023-07-18 03:43:20","ana169","pablo9@test.com","Fallido"
"761","812","2024-02-11 02:24:09","ana164","monica379@domain.com","Expirado"
"762","209","2024-04-29 09:58:46","fernando914","pablo651@mail.com","Expirado"
"763","667","2024-12-04 18:40:57","sara898","elena343@mail.com","Generado"
"764","763","2023-05-09 21:04:01","pedro530","elena593@domain.com","Cancelado"
"765","697","2024-03-04 00:23:59","pablo563","maria763@mail.com","Reintento"
"766","517","2024-07-12 05:03:05","julia637","juan266@test.com","Expirado"
"767","988","2023-02-22 06:13:59","sara335","roberto759@company.org","Deshabilitado"
"768","76","2023-01-31 11:06:47","elena530","pedro805@test.com","Validado"
"769","894","2024-09-18 11:42:25","marco392","juan792@domain.com","Revocado"
"770","473","2024-01-14 17:15:08","laura760","fernando695@example.com","Deshabilitado"
"771","725","2024-10-12 11:39:09","juan838","patricia244@example.com","Fallido"
"772","16","2023-12-09 08:37:56","pablo402","fernando187@test.com","Fallido"
"773","919","2024-01-19 02:37:24","maria665","luis273@domain.com","Revocado"
"774","367","2024-10-17 15:04:16","marco380","carlos579@example.com","Cancelado"
"775","943","2024-03-19 12:31:19","monica220","isabel181@domain.com","Generado"
"776","723","2024-03-13 04:42:34","patricia869","julia537@mail.com","Reintento"
"777","32","2024-12-27 22:54:54","sara836","juan927@mail.com","Validado"
"778","443","2024-12-26 11:49:10","fernando640","carlos688@domain.com","Reintento"
"779","89","2023-02-08 23:05:22","laura154","maria830@test.com","Validado"
"780","109","2024-07-22 07:09:33","elena315","raul6@company.org","Expirado"
"781","751","2023-03-19 11:41:46","ana416","marco269@mail.com","Deshabilitado"
"782","701","2024-11-06 01:13:13","marco696","fernando964@company.org","Revocado"
"783","429","2024-08-31 22:30:17","fernando780","ana733@test.com","Cancelado"
"784","554","2024-08-17 13:45:37","elena394","luis889@test.com","Fallido"
"785","908","2024-12-19 08:30:25","sara611","maria694@example.com","Cancelado"
"786","318","2023-06-19 09:31:55","elena437","julia386@domain.com","Generado"
"787","894","2024-08-15 21:53:47","fernando597","isabel311@company.org","Revocado"
"788","814","2024-01-15 19:30:10","pedro445","diego723@test.com","Deshabilitado"
"789","813","2023-05-06 09:14:39","juan113","roberto244@company.org","Deshabilitado"
"790","377","2024-05-02 15:39:00","pedro980","elena588@domain.com","Cancelado"
"791","596","2024-05-20 19:37:13","luis453","raul200@mail.com","Deshabilitado"
"792","411","2024-12-26 12:49:43","maria497","pablo800@domain.com","Deshabilitado"
"793","968","2023-03-18 21:00:39","ana715","carlos454@test.com","Deshabilitado"
"794","440","2024-02-08 00:12:43","diego281","julia284@mail.com","Pendiente"
"795","201","2024-01-10 09:43:58","sara762","carlos916@example.com","Generado"
"796","886","2024-07-26 22:29:25","sara440","ana715@company.org","Reintento"
"797","455","2024-10-12 21:14:45","carlos224","sara831@test.com","Generado"
"798","524","2023-10-26 23:49:59","sara764","diego671@domain.com","Validado"
"799","990","2023-05-30 10:28:05","pedro912","carlos934@domain.com","Generado"
"800","403","2024-10-01 15:36:17","pablo134","luis780@test.com","Generado"
"801","89","2024-02-25 03:49:03","diego973","laura925@test.com","Reintento"
"802","812","2023-11-20 08:39:02","pablo418","ana916@mail.com","Pendiente"
"803","112","2024-07-06 03:02:38","pablo548","luis206@mail.com","Expirado"
"804","464","2024-09-27 09:58:22","julia533","patricia919@mail.com","Cancelado"
"805","534","2023-11-19 00:35:51","monica633","diego73@test.com","Fallido"
"806","575","2023-08-25 06:16:29","diego788","luz46@example.com","Utilizado"
"807","750","2024-10-07 08:46:34","pedro741","laura281@company.org","Fallido"
"808","497","2024-05-25 19:09:18","roberto833","ana108@test.com","Fallido"
"809","857","2023-08-06 03:25:23","pablo781","fernando612@example.com","Fallido"
"810","898","2023-03-09 10:02:35","raul633","monica269@domain.com","Deshabilitado"
"811","273","2023-09-04 14:26:02","monica393","raul147@domain.com","Validado"
"812","69","2023-11-04 14:02:19","sara438","fernando623@mail.com","Reintento"
"813","174","2023-06-20 16:14:21","diego663","elena666@example.com","Validado"
"814","788","2024-09-18 00:45:47","ana344","carlos763@domain.com","Utilizado"
"815","166","2023-07-02 14:36:48","laura367","luis376@example.com","Deshabilitado"
"816","764","2023-09-09 07:10:11","marco615","laura941@example.com","Utilizado"
"817","274","2023-04-09 23:23:36","marco994","luz72@example.com","Utilizado"
"818","58","2023-01-27 21:50:33","luz669","pedro961@mail.com","Reintento"
"819","139","2023-08-17 17:16:07","roberto770","maria728@test.com","Generado"
"820","695","2023-06-08 23:48:55","monica443","diego302@domain.com","Revocado"
"821","202","2024-09-29 15:41:52","juan260","marco783@mail.com","Pendiente"
"822","343","2023-09-01 20:15:56","monica508","diego75@example.com","Cancelado"
"823","364","2023-11-07 15:42:46","elena372","isabel593@mail.com","Pendiente"
"824","283","2024-08-01 23:53:05","juan712","pablo225@domain.com","Expirado"
"825","803","2023-10-22 03:03:52","sara717","pablo582@mail.com","Pendiente"
"826","948","2023-11-07 07:58:10","laura506","laura806@example.com","Deshabilitado"
"827","641","2024-06-17 07:30:30","fernando899","maria274@mail.com","Reintento"
"828","837","2024-06-24 20:35:30","ana162","pablo391@test.com","Expirado"
"829","422","2024-01-01 17:20:20","raul940","elena321@company.org","Deshabilitado"
"830","226","2023-09-17 23:02:17","marco271","laura967@mail.com","Revocado"
"831","810","2023-12-01 18:41:14","raul263","luz704@mail.com","Reintento"
"832","885","2024-01-05 22:43:55","pedro826","juan885@domain.com","Reintento"
"833","567","2023-09-11 06:24:44","roberto361","diego991@example.com","Expirado"
"834","627","2024-02-02 10:55:35","patricia497","patricia167@mail.com","Revocado"
"835","991","2023-05-20 05:51:11","ana750","laura158@company.org","Deshabilitado"
"836","96","2023-07-13 12:39:27","luz295","raul30@example.com","Deshabilitado"
"837","479","2023-11-18 23:42:24","monica478","juan409@example.com","Revocado"
"838","523","2024-02-22 14:15:27","juan851","fernando493@test.com","Revocado"
"839","516","2023-06-25 00:23:08","luis864","ana721@test.com","Revocado"
"840","273","2024-05-17 04:25:16","luz231","diego951@test.com","Expirado"
"841","220","2023-06-28 16:32:55","laura862","ana400@test.com","Validado"
"842","950","2024-10-25 05:27:42","raul882","maria410@mail.com","Reintento"
"843","96","2023-02-06 13:38:42","roberto870","carlos994@domain.com","Reintento"
"844","443","2024-07-28 16:39:53","laura930","roberto879@test.com","Pendiente"
"845","902","2024-06-09 22:02:34","luz731","isabel29@domain.com","Validado"
"846","657","2024-12-09 00:57:57","roberto422","pedro619@company.org","Pendiente"
"847","432","2023-06-23 03:33:31","raul786","julia847@mail.com","Validado"
"848","672","2023-12-14 12:05:56","ana681","pablo500@mail.com","Pendiente"
"849","842","2024-04-18 15:53:45","raul462","fernando963@example.com","Deshabilitado"
"850","697","2024-03-01 23:26:40","carlos761","luz180@example.com","Cancelado"
"851","202","2023-04-16 10:32:40","carlos871","luis314@test.com","Expirado"
"852","112","2023-04-08 10:49:42","marco451","raul633@company.org","Fallido"
"853","759","2024-02-05 21:30:43","diego783","julia118@domain.com","Revocado"
"854","712","2024-07-20 05:15:49","laura826","luis390@domain.com","Cancelado"
"855","690","2023-08-29 12:43:12","laura545","pablo151@mail.com","Generado"
"856","723","2023-10-17 21:35:03","luz349","sara163@domain.com","Reintento"
"857","961","2023-07-13 19:24:40","carlos600","juan344@example.com","Utilizado"
"858","602","2023-01-31 03:43:36","diego778","ana919@company.org","Generado"
"859","258","2023-09-25 10:22:04","julia448","ana238@domain.com","Reintento"
"860","817","2024-10-25 13:13:31","julia282","pablo492@test.com","Revocado"
"861","337","2024-05-09 11:01:31","julia397","marco376@mail.com","Fallido"
"862","273","2024-06-26 12:27:06","luis265","carlos122@domain.com","Utilizado"
"863","450","2023-12-10 03:10:59","pablo150","pedro406@domain.com","Validado"
"864","461","2024-11-01 15:40:06","patricia754","pablo244@company.org","Deshabilitado"
"865","308","2024-07-12 15:17:02","isabel113","luz48@test.com","Expirado"
"866","173","2024-04-29 14:37:38","maria164","roberto537@example.com","Pendiente"
"867","760","2024-11-30 10:15:02","isabel733","maria993@mail.com","Cancelado"
"868","978","2023-06-21 17:23:03","raul241","maria26@example.com","Cancelado"
"869","881","2024-11-04 18:58:32","sara419","fernando272@test.com","Pendiente"
"870","606","2023-09-25 11:21:05","juan820","diego866@company.org","Reintento"
"871","420","2023-03-28 17:28:26","carlos223","fernando307@domain.com","Cancelado"
"872","431","2023-10-19 05:56:03","pablo349","pablo931@mail.com","Fallido"
"873","668","2024-04-09 01:53:58","ana341","fernando473@example.com","Cancelado"
"874","125","2023-08-22 04:43:27","raul287","fernando128@test.com","Expirado"
"875","252","2023-05-07 01:23:55","luz494","raul215@mail.com","Reintento"
"876","932","2023-01-06 06:48:50","elena594","julia581@domain.com","Utilizado"
"877","173","2023-01-06 08:26:15","julia990","ana630@example.com","Deshabilitado"
"878","785","2024-02-29 22:38:11","pablo592","laura526@example.com","Cancelado"
"879","458","2023-09-19 05:49:38","raul504","isabel839@mail.com","Cancelado"
"880","234","2024-08-22 07:56:46","pedro721","laura576@company.org","Cancelado"
"881","959","2024-07-08 10:33:29","raul275","fernando617@company.org","Revocado"
"882","915","2023-07-21 00:23:03","luz578","monica441@example.com","Cancelado"
"883","329","2023-03-28 07:30:45","laura237","roberto399@mail.com","Cancelado"
"884","830","2023-04-23 23:23:27","isabel427","pedro300@mail.com","Revocado"
"885","56","2024-10-07 06:39:42","julia521","juan971@test.com","Expirado"
"886","6","2024-08-07 21:40:50","diego866","luz980@test.com","Utilizado"
"887","8","2023-07-18 02:30:51","laura592","ana742@test.com","Generado"
"888","988","2024-07-29 20:41:30","carlos645","luz558@test.com","Fallido"
"889","756","2023-11-30 03:57:45","ana764","pablo499@test.com","Revocado"
"890","596","2023-03-20 21:15:32","raul651","diego973@test.com","Pendiente"
"891","536","2024-03-15 19:59:25","carlos895","marco981@company.org","Revocado"
"892","388","2024-09-14 00:00:15","pedro960","monica747@mail.com","Deshabilitado"
"893","469","2023-06-30 18:06:52","carlos554","luis91@example.com","Revocado"
"894","345","2023-05-12 01:33:02","maria687","roberto625@mail.com","Deshabilitado"
"895","811","2024-09-24 05:34:06","maria563","laura449@mail.com","Cancelado"
"896","725","2023-04-01 08:06:08","monica190","elena858@mail.com","Reintento"
"897","225","2023-10-10 01:23:39","fernando499","monica179@company.org","Deshabilitado"
"898","326","2024-03-28 09:00:26","julia706","marco966@test.com","Reintento"
"899","280","2023-11-24 11:22:30","monica862","maria587@example.com","Fallido"
"900","807","2023-04-29 02:50:53","luz636","luz571@mail.com","Validado"
"901","399","2024-03-05 06:18:46","luz436","juan23@test.com","Revocado"
"902","554","2023-01-02 22:40:12","isabel280","pedro817@mail.com","Validado"
"903","387","2024-01-03 21:54:52","laura500","ana236@test.com","Validado"
"904","631","2023-05-13 01:24:19","elena710","julia153@example.com","Deshabilitado"
"905","670","2023-07-06 16:50:28","fernando932","roberto531@mail.com","Generado"
"906","675","2023-12-11 03:42:46","raul706","laura285@mail.com","Fallido"
"907","612","2023-06-30 00:53:42","pablo538","julia849@mail.com","Utilizado"
"908","725","2023-06-14 16:52:51","carlos265","julia296@domain.com","Revocado"
"909","541","2024-04-15 10:12:49","luz241","luis100@example.com","Fallido"
"910","713","2023-03-05 14:03:11","fernando924","fernando18@mail.com","Deshabilitado"
"911","454","2024-08-16 11:49:35","sara672","patricia970@company.org","Cancelado"
"912","557","2024-08-20 21:46:16","luz109","raul433@example.com","Cancelado"
"913","952","2024-05-25 15:38:53","maria238","pedro876@domain.com","Cancelado"
"914","651","2024-11-19 07:37:26","fernando968","julia847@test.com","Deshabilitado"
"915","656","2024-08-24 12:02:53","laura539","carlos824@domain.com","Generado"
"916","187","2024-05-22 14:16:27","fernando657","pablo287@example.com","Deshabilitado"
"917","648","2024-09-09 06:48:45","isabel169","diego938@domain.com","Reintento"
"918","731","2023-10-04 04:02:12","julia378","pablo658@domain.com","Revocado"
"919","869","2024-10-27 18:55:34","fernando676","diego724@mail.com","Fallido"
"920","98","2024-04-05 10:14:35","fernando205","maria886@domain.com","Reintento"
"921","661","2024-11-08 13:58:03","carlos858","sara961@test.com","Revocado"
"922","621","2023-05-15 11:32:11","luz189","laura995@domain.com","Validado"
"923","836","2024-11-22 23:54:07","sara396","juan61@domain.com","Deshabilitado"
"924","136","2024-08-13 18:54:49","pedro191","pablo282@example.com","Fallido"
"925","863","2023-05-09 02:20:57","luz120","laura29@test.com","Fallido"
"926","470","2024-01-23 05:25:16","marco964","pablo923@test.com","Generado"
"927","243","2024-03-25 15:49:34","luz414","luz407@mail.com","Expirado"
"928","325","2023-09-30 10:52:06","patricia318","pedro824@test.com","Reintento"
"929","706","2023-02-11 15:47:44","marco610","juan389@domain.com","Fallido"
"930","661","2024-04-30 00:15:42","patricia258","luis31@example.com","Pendiente"
"931","111","2023-03-29 01:37:00","marco845","ana656@company.org","Reintento"
"932","202","2023-01-15 07:00:47","pablo648","elena763@domain.com","Validado"
"933","390","2024-03-22 21:27:56","ana213","sara650@example.com","Revocado"
"934","628","2023-12-09 20:18:16","marco836","pablo351@domain.com","Expirado"
"935","999","2023-10-20 12:32:51","diego463","julia568@test.com","Deshabilitado"
"936","517","2024-12-12 08:48:32","elena482","sara708@test.com","Fallido"
"937","384","2024-07-14 15:58:31","julia512","sara435@test.com","Expirado"
"938","339","2024-04-15 09:55:49","luis245","elena671@example.com","Fallido"
"939","276","2024-04-26 11:29:49","raul564","laura433@test.com","Generado"
"940","763","2024-01-10 23:11:41","monica708","maria874@company.org","Cancelado"
"941","816","2024-06-01 21:14:20","roberto993","ana651@company.org","Cancelado"
"942","192","2023-09-01 18:28:34","maria557","juan609@company.org","Utilizado"
"943","907","2023-06-06 10:48:04","roberto770","maria995@company.org","Utilizado"
"944","928","2023-11-19 18:29:16","monica159","luis383@example.com","Cancelado"
"945","883","2024-04-30 15:22:37","elena285","ana537@mail.com","Fallido"
"946","175","2023-02-21 14:11:57","laura212","carlos468@example.com","Fallido"
"947","499","2023-09-11 12:39:43","sara446","pablo934@test.com","Fallido"
"948","265","2024-02-17 15:08:28","diego162","laura296@example.com","Deshabilitado"
"949","220","2023-06-26 21:35:41","laura631","laura225@mail.com","Validado"
"950","736","2024-02-11 16:18:58","juan126","isabel51@example.com","Utilizado"
"951","950","2023-07-10 05:50:16","isabel232","fernando210@mail.com","Expirado"
"952","791","2023-01-26 19:17:39","ana256","maria689@company.org","Utilizado"
"953","382","2024-05-22 18:50:38","roberto359","raul488@example.com","Expirado"
"954","698","2023-10-26 11:34:42","marco871","pablo337@mail.com","Cancelado"
"955","935","2024-02-24 07:00:34","patricia829","pablo383@domain.com","Fallido"
"956","141","2024-04-10 23:41:17","marco117","monica173@domain.com","Fallido"
"957","715","2024-08-16 19:15:55","laura466","isabel681@test.com","Reintento"
"958","581","2023-06-08 20:16:33","pedro158","fernando334@test.com","Deshabilitado"
"959","652","2023-05-07 21:43:54","sara290","ana959@test.com","Expirado"
"960","216","2024-07-24 15:04:54","pablo953","isabel772@test.com","Pendiente"
"961","343","2024-11-05 01:57:17","carlos789","raul607@domain.com","Cancelado"
"962","741","2023-11-08 05:05:22","sara243","raul69@domain.com","Validado"
"963","177","2024-03-06 15:10:25","julia141","patricia945@domain.com","Utilizado"
"964","409","2023-01-30 18:57:02","julia158","marco741@domain.com","Revocado"
"965","895","2024-04-07 17:34:07","marco740","carlos85@domain.com","Utilizado"
"966","375","2024-02-09 19:09:10","raul655","laura743@mail.com","Generado"
"967","129","2023-07-30 18:17:09","roberto565","luis307@test.com","Revocado"
"968","185","2024-01-05 03:22:34","marco790","monica150@example.com","Reintento"
"969","255","2023-11-25 09:11:44","julia256","sara57@test.com","Validado"
"970","188","2023-02-19 01:13:49","juan428","patricia757@company.org","Cancelado"
"971","57","2024-06-06 15:02:19","pedro636","sara454@example.com","Reintento"
"972","144","2024-11-20 09:21:25","patricia834","juan210@example.com","Validado"
"973","212","2023-08-17 15:48:52","laura731","patricia120@example.com","Reintento"
"974","18","2024-04-08 08:42:59","marco293","pablo77@company.org","Fallido"
"975","965","2024-01-22 02:06:09","luis294","luz352@mail.com","Revocado"
"976","987","2024-07-21 15:07:27","luis212","carlos297@mail.com","Cancelado"
"977","246","2024-02-03 06:47:19","luis908","elena217@test.com","Generado"
"978","855","2023-10-16 07:47:13","luis694","maria252@test.com","Utilizado"
"979","99","2023-04-29 07:28:46","marco330","ana199@test.com","Revocado"
"980","649","2023-05-02 07:55:42","roberto487","diego83@test.com","Reintento"
"981","656","2023-11-29 07:45:19","juan924","juan647@company.org","Cancelado"
"982","559","2023-07-18 11:50:44","laura177","carlos882@test.com","Deshabilitado"
"983","397","2023-04-17 13:05:23","sara991","carlos982@test.com","Utilizado"
"984","198","2023-01-10 11:46:26","pablo764","sara628@example.com","Fallido"
"985","265","2023-07-15 15:30:58","marco228","pedro626@example.com","Utilizado"
"986","649","2024-06-28 10:02:27","ana251","maria881@example.com","Fallido"
"987","556","2024-10-06 14:12:25","ana698","diego76@example.com","Pendiente"
"988","245","2023-05-17 04:12:10","marco221","julia811@domain.com","Validado"
"989","155","2023-01-23 03:52:49","monica173","monica117@domain.com","Deshabilitado"
"990","229","2023-11-14 23:16:01","pablo212","fernando20@domain.com","Utilizado"
"991","754","2024-02-06 05:13:40","laura917","roberto228@company.org","Validado"
"992","344","2023-02-06 02:49:58","laura734","patricia623@company.org","Utilizado"
"993","190","2024-03-17 08:38:41","sara403","luis349@domain.com","Deshabilitado"
"994","666","2024-08-19 17:46:23","isabel511","pablo771@company.org","Validado"
"995","897","2023-09-07 17:09:11","laura931","monica160@company.org","Deshabilitado"
"996","656","2024-03-16 07:31:20","julia803","pablo141@mail.com","Reintento"
"997","305","2023-12-24 16:33:01","roberto481","isabel651@test.com","Generado"
"998","260","2024-08-20 17:37:22","maria446","sara131@domain.com","Fallido"
"999","801","2024-12-12 05:45:17","laura778","laura956@test.com","Revocado"
"1000","702","2023-12-31 14:36:06","raul453","juan652@mail.com","Generado"
